trade_id,ticker,count,created_time,yes_price,no_price,taker_side
0663de1d-d469-475a-9bd1-7b365f80eb84,KXNBAGAME-25MAY24OKCMIN-OKC,16,2025-05-23 03:26:49.542216+00:00,60,40,yes
cebd0039-89e0-4255-bbd9-825d8eadffec,KXNBAGAME-25MAY24OKCMIN-OKC,6,2025-05-23 03:26:59.327372+00:00,60,40,yes
8575ff4b-5001-40b6-8567-75aa0a5a874e,KXNBAGAME-25MAY24OKCMIN-OKC,50,2025-05-23 03:31:40.767137+00:00,60,40,yes
5566b361-a9bd-4b59-90c5-c72d1f43a158,KXNBAGAME-25MAY24OKCMIN-OKC,50,2025-05-23 03:31:58.640547+00:00,60,40,yes
0a0719ac-0e00-436d-a120-580a83f8b0e6,KXNBAGAME-25MAY24OKCMIN-OKC,405,2025-05-23 03:33:40.082984+00:00,60,40,yes
d2d0d8d6-69e3-4e66-84a6-3776330ba8a5,KXNBAGAME-25MAY24OKCMIN-OKC,16,2025-05-23 03:39:27.678577+00:00,60,40,yes
8c768210-3afe-443e-8a85-73b96943311b,KXNBAGAME-25MAY24OKCMIN-OKC,8,2025-05-23 03:59:30.307086+00:00,60,40,yes
a8e82a94-77da-4180-a9b3-be92887fb237,KXNBAGAME-25MAY24OKCMIN-OKC,3,2025-05-23 04:13:03.210043+00:00,59,41,yes
d1ef0cb5-1331-4d71-80c3-298b202dc26e,KXNBAGAME-25MAY24OKCMIN-OKC,329,2025-05-23 04:19:43.458042+00:00,59,41,yes
9f340398-a426-4b0c-8ab0-82cf8a4a31d5,KXNBAGAME-25MAY24OKCMIN-OKC,5,2025-05-23 04:30:00.327218+00:00,59,41,yes
6b72e63e-86ef-4da4-b948-80dfccb3b760,KXNBAGAME-25MAY24OKCMIN-OKC,1000,2025-05-23 04:36:33.290369+00:00,59,41,yes
50bb7d62-7952-47f6-9766-93f2202cf0e4,KXNBAGAME-25MAY24OKCMIN-OKC,33,2025-05-23 04:40:28.290421+00:00,59,41,yes
f2ff000e-9ee5-4967-87b2-2fe7b453d1cc,KXNBAGAME-25MAY24OKCMIN-OKC,54,2025-05-23 04:42:18.808109+00:00,59,41,yes
eb072dd2-a49d-418f-9033-eee27fe10b69,KXNBAGAME-25MAY24OKCMIN-OKC,8,2025-05-23 04:48:41.619866+00:00,59,41,yes
b4722ef1-45a3-4620-aa03-8ab06e5ee901,KXNBAGAME-25MAY24OKCMIN-OKC,164,2025-05-23 05:38:17.796294+00:00,59,41,yes
44434f92-b3ea-430b-8dc2-15257ec35794,KXNBAGAME-25MAY24OKCMIN-OKC,316,2025-05-23 05:52:52.476562+00:00,59,41,yes
1f24ba0e-2d9f-4ca6-ad6f-432cd9d2a0d6,KXNBAGAME-25MAY24OKCMIN-OKC,10,2025-05-23 05:54:31.845362+00:00,59,41,yes
5cac8804-8307-480d-971b-48c6041c7402,KXNBAGAME-25MAY24OKCMIN-OKC,10,2025-05-23 05:54:33.905351+00:00,58,42,no
b5d18a3d-44ee-4b4c-a971-54041e7a8ed5,KXNBAGAME-25MAY24OKCMIN-OKC,10,2025-05-23 05:54:36.767961+00:00,58,42,no
8082edb8-8cd0-411b-b3f2-b0cc4ef8b72b,KXNBAGAME-25MAY24OKCMIN-OKC,10,2025-05-23 05:54:38.459051+00:00,59,41,yes
01520c7a-5a9f-4a9b-8439-46e82950ce15,KXNBAGAME-25MAY24OKCMIN-OKC,10,2025-05-23 05:54:47.057295+00:00,58,42,no
dfdb8ff5-fc5d-4641-ad0f-0714b7061b33,KXNBAGAME-25MAY24OKCMIN-OKC,10,2025-05-23 05:54:49.056580+00:00,59,41,yes
104ef7e9-de28-4e87-aeba-8c7dc78d2777,KXNBAGAME-25MAY24OKCMIN-OKC,16,2025-05-23 06:01:52.485796+00:00,59,41,yes
f560d6bc-f30d-40bf-8426-efea40d745b6,KXNBAGAME-25MAY24OKCMIN-OKC,212,2025-05-23 06:02:51.507858+00:00,59,41,yes
5f837ed5-b5b6-43b5-a55c-1311fe2bbe98,KXNBAGAME-25MAY24OKCMIN-OKC,24,2025-05-23 13:15:44.632728+00:00,59,41,yes
fcba1caf-fa41-4c95-85c8-8636ab86a56c,KXNBAGAME-25MAY24OKCMIN-OKC,54,2025-05-23 13:19:56.176767+00:00,59,41,yes
021dfbb6-1082-4b05-ac1e-a75306ad73ba,KXNBAGAME-25MAY24OKCMIN-OKC,1066,2025-05-23 13:53:26.410307+00:00,58,42,no
9592cc4c-2ec0-4179-896c-ca03bc4a94a7,KXNBAGAME-25MAY24OKCMIN-OKC,210,2025-05-23 13:53:32.192221+00:00,58,42,no
9b4e2685-6b6b-4d1e-96f9-8d8960ffe134,KXNBAGAME-25MAY24OKCMIN-OKC,2,2025-05-23 13:59:20.873870+00:00,59,41,yes
ac7d0fd9-2bb6-49b9-865a-fc7604c0fcc9,KXNBAGAME-25MAY24OKCMIN-OKC,1,2025-05-23 13:59:55.925538+00:00,58,42,no
e7749e7c-734f-40f7-b71f-69f1f11b8ce3,KXNBAGAME-25MAY24OKCMIN-OKC,1,2025-05-23 14:03:19.307993+00:00,59,41,yes
45237621-7660-447c-936e-d5dff48d8e45,KXNBAGAME-25MAY24OKCMIN-OKC,3,2025-05-23 14:05:06.345024+00:00,58,42,no
0f26b73d-85f9-4cf5-bab3-cf6199c7378b,KXNBAGAME-25MAY24OKCMIN-OKC,1,2025-05-23 14:41:21.865899+00:00,59,41,yes
4c72f7d0-cd16-48ad-8619-ffa5b17c36c1,KXNBAGAME-25MAY24OKCMIN-OKC,403,2025-05-23 14:55:48.246299+00:00,58,42,no
69b981e2-6fd7-4c05-b672-92a32fa379b5,KXNBAGAME-25MAY24OKCMIN-OKC,920,2025-05-23 14:56:05.941795+00:00,58,42,no
716c9a11-4b9f-49c0-8150-53849abaf17e,KXNBAGAME-25MAY24OKCMIN-OKC,8,2025-05-23 14:59:40.073827+00:00,59,41,yes
02abf9ec-1c59-473f-87e1-af1e429a81d7,KXNBAGAME-25MAY24OKCMIN-OKC,29,2025-05-23 15:06:45.397379+00:00,59,41,yes
95472c88-cfaa-4ad6-9a76-17808e5cc70a,KXNBAGAME-25MAY24OKCMIN-OKC,16,2025-05-23 15:22:35.576542+00:00,59,41,yes
37d3f5c8-b881-4567-a1b3-43b0b3890dbc,KXNBAGAME-25MAY24OKCMIN-OKC,8,2025-05-23 15:23:30.146583+00:00,59,41,yes
39b631d8-7b5c-446e-9c6b-12f054b9cf56,KXNBAGAME-25MAY24OKCMIN-OKC,32,2025-05-23 15:35:07.603327+00:00,59,41,yes
945fe56a-2640-45aa-ad44-8e75913b4d73,KXNBAGAME-25MAY24OKCMIN-OKC,13,2025-05-23 15:35:38.436704+00:00,59,41,yes
826823ca-ec56-4d06-b567-127d318f4db0,KXNBAGAME-25MAY24OKCMIN-OKC,8,2025-05-23 15:36:35.017303+00:00,59,41,yes
e31e4031-1cee-44c7-811b-0ca3183106c4,KXNBAGAME-25MAY24OKCMIN-OKC,8,2025-05-23 15:46:30.131574+00:00,59,41,yes
f156ba89-dcc2-4ae7-b49c-22b55f9a1013,KXNBAGAME-25MAY24OKCMIN-OKC,96,2025-05-23 16:00:59.796066+00:00,58,42,no
e979cc64-7405-49be-b94e-35f8f796a904,KXNBAGAME-25MAY24OKCMIN-OKC,1,2025-05-23 16:01:26.295434+00:00,59,41,yes
b601761d-52de-4233-8d62-a45e9051bb93,KXNBAGAME-25MAY24OKCMIN-OKC,57,2025-05-23 16:03:30.452431+00:00,59,41,yes
d5945ad3-13bd-44fb-81cf-02518802810b,KXNBAGAME-25MAY24OKCMIN-OKC,2561,2025-05-23 16:03:30.452431+00:00,59,41,yes
1f20019c-915d-41e3-9cfb-2e0cc23b133d,KXNBAGAME-25MAY24OKCMIN-OKC,1,2025-05-23 16:21:12.775697+00:00,59,41,yes
c18dcf6e-f659-44c7-9926-d77904754433,KXNBAGAME-25MAY24OKCMIN-OKC,24,2025-05-23 16:21:39.733657+00:00,59,41,yes
60beec7c-3e0c-4efc-b48b-e23b8bae64e1,KXNBAGAME-25MAY24OKCMIN-OKC,20,2025-05-23 16:50:19.802838+00:00,59,41,yes
cf6b6799-c625-4280-8964-66566bdce1f4,KXNBAGAME-25MAY24OKCMIN-OKC,300,2025-05-23 16:51:06.003252+00:00,59,41,yes
9b238a4f-c719-4315-b328-6bfa87fd69a8,KXNBAGAME-25MAY24OKCMIN-OKC,40,2025-05-23 16:51:23.967950+00:00,59,41,yes
89144147-884f-4cc8-89f2-e3ecc431e963,KXNBAGAME-25MAY24OKCMIN-OKC,164,2025-05-23 16:52:01.752593+00:00,59,41,yes
318893da-4b6e-43fa-8e17-abc7368e3fa4,KXNBAGAME-25MAY24OKCMIN-OKC,30,2025-05-23 16:53:56.438706+00:00,59,41,yes
c50dda49-c00b-4240-b82c-7b4e5c485531,KXNBAGAME-25MAY24OKCMIN-OKC,17,2025-05-23 16:54:23.472939+00:00,59,41,yes
61435fa3-903e-4abf-8b3c-0e26f5f4c544,KXNBAGAME-25MAY24OKCMIN-OKC,300,2025-05-23 16:55:35.759439+00:00,59,41,yes
6fef4c21-4459-4c18-a982-c777c8b3697e,KXNBAGAME-25MAY24OKCMIN-OKC,6,2025-05-23 16:56:59.436536+00:00,59,41,yes
b874c226-99dc-4994-bf87-0e5401b41b2a,KXNBAGAME-25MAY24OKCMIN-OKC,32,2025-05-23 17:00:22.248860+00:00,59,41,yes
1712e3d1-ee38-40cb-9bec-69ff7eeda5c0,KXNBAGAME-25MAY24OKCMIN-OKC,11,2025-05-23 17:01:06.706149+00:00,59,41,yes
56b6bd09-2e66-493b-be8a-2b9812192abd,KXNBAGAME-25MAY24OKCMIN-OKC,1000,2025-05-23 17:04:42.847583+00:00,59,41,yes
0eaa3ef0-69ed-4947-bc8a-d5c4433e461c,KXNBAGAME-25MAY24OKCMIN-OKC,88,2025-05-23 17:10:06.666854+00:00,59,41,yes
0dab63ba-86ba-4a6a-90db-d11fd092304a,KXNBAGAME-25MAY24OKCMIN-OKC,100,2025-05-23 17:14:08.312247+00:00,58,42,no
4b87d32b-b833-46a3-af0d-26dc33df5e0f,KXNBAGAME-25MAY24OKCMIN-OKC,2500,2025-05-23 17:14:27.031837+00:00,59,41,yes
2b3b01a6-4ddf-4df6-9863-2683e5036950,KXNBAGAME-25MAY24OKCMIN-OKC,16,2025-05-23 17:16:06.352247+00:00,59,41,yes
7e39a6ba-39cf-4695-8882-789953723246,KXNBAGAME-25MAY24OKCMIN-OKC,82,2025-05-23 17:17:29.968715+00:00,59,41,yes
a87e48aa-5dfe-4a24-9f83-4b446721e3b5,KXNBAGAME-25MAY24OKCMIN-OKC,1,2025-05-23 17:20:55.851726+00:00,59,41,yes
0a868e4e-7abc-4e40-b033-78a9f172442b,KXNBAGAME-25MAY24OKCMIN-OKC,10,2025-05-23 17:20:59.278173+00:00,59,41,yes
13384b08-d794-4562-8d88-a9d009afb5d3,KXNBAGAME-25MAY24OKCMIN-OKC,20,2025-05-23 17:21:34.536755+00:00,59,41,yes
078d33c6-ba82-414f-a2bb-09e3e4ebc7ee,KXNBAGAME-25MAY24OKCMIN-OKC,25,2025-05-23 17:22:07.312968+00:00,59,41,yes
e2b3d9e7-f21f-47b4-bc49-460da600c146,KXNBAGAME-25MAY24OKCMIN-OKC,84,2025-05-23 17:23:35.952274+00:00,59,41,yes
574236c3-a11c-4782-a8e9-302e476a1c52,KXNBAGAME-25MAY24OKCMIN-OKC,100,2025-05-23 17:24:53.737281+00:00,59,41,yes
842141ec-e68a-4e03-9dfe-a7e48fdd8c50,KXNBAGAME-25MAY24OKCMIN-OKC,250,2025-05-23 17:25:28.981960+00:00,59,41,yes
00b0821a-ba7d-444c-a899-0122855e8634,KXNBAGAME-25MAY24OKCMIN-OKC,10,2025-05-23 17:25:51.606629+00:00,59,41,yes
9260a4ec-450f-4085-8c40-cdb6d40f5d94,KXNBAGAME-25MAY24OKCMIN-OKC,1,2025-05-23 17:28:54.853962+00:00,59,41,yes
5dc2918a-e63f-48be-8bf9-8ed36030c12f,KXNBAGAME-25MAY24OKCMIN-OKC,500,2025-05-23 17:29:52.694742+00:00,58,42,no
10f2b8cc-9ce5-4bd9-abc4-5501110b1196,KXNBAGAME-25MAY24OKCMIN-OKC,5,2025-05-23 17:31:18.757078+00:00,59,41,yes
52b108eb-b97a-46bc-a469-972e6d792303,KXNBAGAME-25MAY24OKCMIN-OKC,170,2025-05-23 17:31:58.507060+00:00,59,41,yes
63fb5848-1410-45cf-bc6a-efc798fab2f0,KXNBAGAME-25MAY24OKCMIN-OKC,50,2025-05-23 17:32:03.831885+00:00,59,41,yes
6505567e-5110-4c3e-b44a-10defefd2e25,KXNBAGAME-25MAY24OKCMIN-OKC,18,2025-05-23 17:33:09.248775+00:00,59,41,yes
d0be578a-1755-4251-8b71-da714d7aed88,KXNBAGAME-25MAY24OKCMIN-OKC,10,2025-05-23 17:34:54.932607+00:00,59,41,yes
fc9c6509-4807-4acd-a2d1-a0ee2a27b984,KXNBAGAME-25MAY24OKCMIN-OKC,4000,2025-05-23 17:37:19.322947+00:00,59,41,yes
e8f24690-f2f3-45d5-96fc-8d70693b95c9,KXNBAGAME-25MAY24OKCMIN-OKC,10,2025-05-23 17:37:51.994112+00:00,59,41,yes
5230970c-0699-41b5-a137-6908d8ebab4b,KXNBAGAME-25MAY24OKCMIN-OKC,25,2025-05-23 17:39:57.247863+00:00,59,41,yes
1616db70-2e51-4632-bbae-0a4e3d7325e1,KXNBAGAME-25MAY24OKCMIN-OKC,500,2025-05-23 17:41:03.338700+00:00,59,41,yes
e2fddfe5-e20c-4d14-98d9-86d736877b75,KXNBAGAME-25MAY24OKCMIN-OKC,10,2025-05-23 17:44:41.655573+00:00,59,41,yes
b01f5b06-35af-442c-8edc-bd29c91ab56d,KXNBAGAME-25MAY24OKCMIN-OKC,10,2025-05-23 17:44:43.371322+00:00,58,42,no
d0d5f88e-e068-4cdb-8845-08c5b5d2a7eb,KXNBAGAME-25MAY24OKCMIN-OKC,10,2025-05-23 17:44:52.359247+00:00,59,41,yes
90a10adc-7396-4ca6-8178-94e6b90543f2,KXNBAGAME-25MAY24OKCMIN-OKC,10,2025-05-23 17:44:53.597569+00:00,58,42,no
abc4a5c8-f67c-43ca-9ae8-8a5767045122,KXNBAGAME-25MAY24OKCMIN-OKC,20,2025-05-23 17:47:06.031519+00:00,59,41,yes
6d609846-8c1b-4e4c-951a-ed2c409f6abc,KXNBAGAME-25MAY24OKCMIN-OKC,16,2025-05-23 17:49:14.574628+00:00,59,41,yes
91957625-300c-4fb0-ac7e-f30b883df37a,KXNBAGAME-25MAY24OKCMIN-OKC,800,2025-05-23 17:52:21.983671+00:00,59,41,yes
b9f1bb3f-6c21-4688-b0d3-ed80c52334d6,KXNBAGAME-25MAY24OKCMIN-OKC,20,2025-05-23 17:57:44.476853+00:00,59,41,yes
eb1b31c4-dfd8-48f3-8961-a907b5fba19e,KXNBAGAME-25MAY24OKCMIN-OKC,150,2025-05-23 18:00:53.334239+00:00,59,41,yes
491056f5-6968-4b02-b88f-6129592bb0b3,KXNBAGAME-25MAY24OKCMIN-OKC,8,2025-05-23 18:01:15.358816+00:00,59,41,yes
ad998365-2130-4dc4-a7ea-1e4bca0bc473,KXNBAGAME-25MAY24OKCMIN-OKC,3,2025-05-23 18:04:15.083459+00:00,58,42,no
0fd063b4-73ae-4353-b57e-f5f6fc7e9657,KXNBAGAME-25MAY24OKCMIN-OKC,200,2025-05-23 18:05:36.034205+00:00,59,41,yes
52781a94-7fef-404a-a26b-6fbc8c5807e3,KXNBAGAME-25MAY24OKCMIN-OKC,10,2025-05-23 18:12:06.480736+00:00,59,41,yes
8a5d4de0-6bea-4c29-aeea-221b13b626b7,KXNBAGAME-25MAY24OKCMIN-OKC,400,2025-05-23 18:13:38.432961+00:00,59,41,yes
0da6c5f7-07f9-46ac-8134-4ba8ce87805c,KXNBAGAME-25MAY24OKCMIN-OKC,5,2025-05-23 18:15:25.347746+00:00,59,41,yes
2ffd9c80-f807-4f6c-87ea-6dedaa1a807a,KXNBAGAME-25MAY24OKCMIN-OKC,10,2025-05-23 18:16:54.708244+00:00,58,42,no
b7128458-62d8-4380-b26d-4222f5668fc0,KXNBAGAME-25MAY24OKCMIN-OKC,10,2025-05-23 18:16:55.958801+00:00,58,42,no
a5fa79eb-4afc-4ede-94e1-85c10b0a27b6,KXNBAGAME-25MAY24OKCMIN-OKC,10,2025-05-23 18:17:00.448711+00:00,59,41,yes
18050ac0-d7bf-4051-b6b9-2cfa069d2447,KXNBAGAME-25MAY24OKCMIN-OKC,10,2025-05-23 18:17:02.921191+00:00,59,41,yes
47720972-9c22-4b0f-a861-1fcce7f3954d,KXNBAGAME-25MAY24OKCMIN-OKC,2,2025-05-23 18:20:55.872248+00:00,59,41,yes
ce0fed69-6e5d-4e42-abb0-7e3b76e4edb0,KXNBAGAME-25MAY24OKCMIN-OKC,2,2025-05-23 18:27:12.057252+00:00,59,41,yes
6ef9e50f-ef1e-4d0c-a553-43e6f6c9f9ca,KXNBAGAME-25MAY24OKCMIN-OKC,300,2025-05-23 18:27:48.254790+00:00,59,41,yes
ea57dc4a-f078-4199-863c-1fba011325bd,KXNBAGAME-25MAY24OKCMIN-OKC,165,2025-05-23 18:28:30.447381+00:00,59,41,yes
05a4f9c2-2c5f-45e8-ae42-b4cec6a6d04c,KXNBAGAME-25MAY24OKCMIN-OKC,10,2025-05-23 18:29:55.851392+00:00,59,41,yes
dd970e5b-6d1d-46f5-812b-d9d5e8fcaaa0,KXNBAGAME-25MAY24OKCMIN-OKC,8,2025-05-23 18:30:11.640909+00:00,59,41,yes
f9d9de61-176b-4681-87aa-e7b0a2929c4a,KXNBAGAME-25MAY24OKCMIN-OKC,125,2025-05-23 18:30:12.636496+00:00,59,41,yes
e448882f-a4ff-4ce3-a7cc-b0e51d58a3ae,KXNBAGAME-25MAY24OKCMIN-OKC,300,2025-05-23 18:30:41.803395+00:00,58,42,no
571b2082-7a02-4943-ac16-a68049e349e3,KXNBAGAME-25MAY24OKCMIN-OKC,75,2025-05-23 18:31:06.623708+00:00,59,41,yes
c4e6120e-14cc-4df6-817a-d494315e61c6,KXNBAGAME-25MAY24OKCMIN-OKC,16,2025-05-23 18:31:38.115982+00:00,59,41,yes
de0c6daa-e2f1-4b36-85dc-119a31e457b0,KXNBAGAME-25MAY24OKCMIN-OKC,200,2025-05-23 18:34:54.379041+00:00,59,41,yes
75b32b01-d0a5-4939-8d0b-d98707197079,KXNBAGAME-25MAY24OKCMIN-OKC,250,2025-05-23 18:35:16.237881+00:00,58,42,no
1982e986-ac6f-463c-a852-0323b4ca79df,KXNBAGAME-25MAY24OKCMIN-OKC,5,2025-05-23 18:35:47.144213+00:00,58,42,no
5a35a9e0-8d71-4217-a2b5-683ce220003c,KXNBAGAME-25MAY24OKCMIN-OKC,1,2025-05-23 18:38:56.903057+00:00,59,41,yes
f00dc443-30ba-4e85-a11f-67b126875c75,KXNBAGAME-25MAY24OKCMIN-OKC,100,2025-05-23 18:39:02.939914+00:00,59,41,yes
3158358f-5202-432d-9eec-640aeb223bd1,KXNBAGAME-25MAY24OKCMIN-OKC,16,2025-05-23 18:40:00.032814+00:00,59,41,yes
a76e03d3-564e-4863-9e95-c0c3b7a9657d,KXNBAGAME-25MAY24OKCMIN-OKC,19,2025-05-23 18:40:29.393356+00:00,59,41,yes
334586d5-4725-4eb0-a1ec-8d8b9e8c77da,KXNBAGAME-25MAY24OKCMIN-OKC,10,2025-05-23 18:43:29.650335+00:00,59,41,yes
9f5bea02-c90e-4708-a807-4f879d3dfa3c,KXNBAGAME-25MAY24OKCMIN-OKC,1,2025-05-23 18:49:59.086973+00:00,59,41,yes
74e73451-fade-4965-a016-0c104e821928,KXNBAGAME-25MAY24OKCMIN-OKC,30,2025-05-23 18:51:12.288934+00:00,59,41,yes
8e3efda3-b3f7-4c45-ae6e-10c1aab56a59,KXNBAGAME-25MAY24OKCMIN-OKC,40,2025-05-23 18:51:16.120452+00:00,59,41,yes
c6a03baa-7402-4605-93ce-b6e0964f453e,KXNBAGAME-25MAY24OKCMIN-OKC,50,2025-05-23 18:51:34.189055+00:00,59,41,yes
c355c7f6-f010-4d0e-a670-336f95b82866,KXNBAGAME-25MAY24OKCMIN-OKC,1000,2025-05-23 18:56:13.952134+00:00,59,41,yes
4f9c959b-d061-4d64-bd84-a2205fb13fd3,KXNBAGAME-25MAY24OKCMIN-OKC,10,2025-05-23 18:56:47.542129+00:00,59,41,yes
49966b61-e2aa-4de9-9ab6-405bb1d6626d,KXNBAGAME-25MAY24OKCMIN-OKC,10,2025-05-23 18:56:58.031893+00:00,59,41,yes
a4fadf72-9853-4c4c-88d7-8da160d46cb8,KXNBAGAME-25MAY24OKCMIN-OKC,16,2025-05-23 18:57:39.419043+00:00,59,41,yes
29cd48b7-272e-4362-bd25-d86fe6adf18c,KXNBAGAME-25MAY24OKCMIN-OKC,300,2025-05-23 19:02:19.516079+00:00,59,41,yes
6cda13a4-2c1f-473c-b056-69d3a5ba7c62,KXNBAGAME-25MAY24OKCMIN-OKC,100,2025-05-23 19:03:24.534543+00:00,59,41,yes
f30354e2-926e-40be-ad42-086e51431234,KXNBAGAME-25MAY24OKCMIN-OKC,300,2025-05-23 19:03:35.684517+00:00,59,41,yes
68536655-8c60-4550-9dd6-025702d43bc8,KXNBAGAME-25MAY24OKCMIN-OKC,1000,2025-05-23 19:04:11.652792+00:00,59,41,yes
be85dfe9-cd2d-480e-a27a-7f1f8cee4205,KXNBAGAME-25MAY24OKCMIN-OKC,500,2025-05-23 19:06:42.352840+00:00,59,41,yes
91811327-1ec3-4954-b3f0-2c979990642e,KXNBAGAME-25MAY24OKCMIN-OKC,100,2025-05-23 19:10:45.559866+00:00,59,41,yes
9ef8ae84-9933-4a03-8b53-9e36a322902b,KXNBAGAME-25MAY24OKCMIN-OKC,350,2025-05-23 19:11:20.554981+00:00,59,41,yes
f10ed320-0a39-45b9-808b-f67bfa15f301,KXNBAGAME-25MAY24OKCMIN-OKC,450,2025-05-23 19:12:02.131908+00:00,59,41,yes
3cb21424-cc12-461e-b0d0-c715a306fc84,KXNBAGAME-25MAY24OKCMIN-OKC,200,2025-05-23 19:13:50.108434+00:00,59,41,yes
06549e84-9805-45dd-ac71-faf844f46688,KXNBAGAME-25MAY24OKCMIN-OKC,20,2025-05-23 19:15:59.023589+00:00,59,41,yes
06a49083-c516-4d89-9d12-c5356211a84c,KXNBAGAME-25MAY24OKCMIN-OKC,27,2025-05-23 19:17:03.135697+00:00,59,41,yes
d55d8d37-80a5-4318-bd19-46fc4ce72904,KXNBAGAME-25MAY24OKCMIN-OKC,16,2025-05-23 19:17:13.813169+00:00,59,41,yes
92928c38-1e24-42cf-a6e6-6268811d558b,KXNBAGAME-25MAY24OKCMIN-OKC,1,2025-05-23 19:17:54.131877+00:00,59,41,yes
36fd9e35-3cac-4d8d-b0c6-55adc420d60b,KXNBAGAME-25MAY24OKCMIN-OKC,225,2025-05-23 19:19:49.473877+00:00,59,41,yes
3623a49b-8761-4cb6-9885-5a761dc82c33,KXNBAGAME-25MAY24OKCMIN-OKC,10,2025-05-23 19:19:51.633927+00:00,59,41,yes
70caa095-a72a-4e85-a5d9-233c6818b622,KXNBAGAME-25MAY24OKCMIN-OKC,45,2025-05-23 19:21:35.123019+00:00,59,41,yes
9d2c297a-00b4-4208-8c38-844b4dc26347,KXNBAGAME-25MAY24OKCMIN-OKC,5255,2025-05-23 19:21:35.123019+00:00,59,41,yes
511a585e-8a10-4912-84a4-433ea9b3c9eb,KXNBAGAME-25MAY24OKCMIN-OKC,20,2025-05-23 19:22:52.335592+00:00,59,41,yes
e23ff31f-4a99-4614-9b86-788ed4fedf0b,KXNBAGAME-25MAY24OKCMIN-OKC,27,2025-05-23 19:24:48.263007+00:00,59,41,yes
f415cb9f-ea63-4468-9a86-6e5a5cf220a5,KXNBAGAME-25MAY24OKCMIN-OKC,491,2025-05-23 19:25:45.146648+00:00,59,41,yes
3734d958-4ece-4930-abba-694b84824ec3,KXNBAGAME-25MAY24OKCMIN-OKC,33,2025-05-23 19:26:00.462151+00:00,59,41,yes
c9c66b2c-4c3b-4405-bd5f-75f7565c7fb9,KXNBAGAME-25MAY24OKCMIN-OKC,100,2025-05-23 19:27:11.489410+00:00,59,41,yes
01376b4a-5d05-41e3-8fd7-f494f2e74c1a,KXNBAGAME-25MAY24OKCMIN-OKC,10,2025-05-23 19:28:24.765324+00:00,59,41,yes
21aafffb-fea8-483c-b376-fd667041f14e,KXNBAGAME-25MAY24OKCMIN-OKC,385,2025-05-23 19:29:55.334754+00:00,59,41,yes
357622df-5e0d-45e8-aec6-38412d80aff5,KXNBAGAME-25MAY24OKCMIN-OKC,100,2025-05-23 19:31:11.711946+00:00,59,41,yes
27928f4e-c522-49c1-a965-98bb457fcc57,KXNBAGAME-25MAY24OKCMIN-OKC,40,2025-05-23 19:36:26.198373+00:00,59,41,yes
e9636465-3350-47e7-8aa4-13c5d429ef4c,KXNBAGAME-25MAY24OKCMIN-OKC,15,2025-05-23 19:37:16.662461+00:00,59,41,yes
e8ed14d2-56c7-4f7b-9333-3d9e1039b86c,KXNBAGAME-25MAY24OKCMIN-OKC,30,2025-05-23 19:37:48.419587+00:00,59,41,yes
51e84044-cf2d-42aa-a53d-113e61ebce9a,KXNBAGAME-25MAY24OKCMIN-OKC,50,2025-05-23 19:38:19.741744+00:00,58,42,no
5427f56a-3a8d-4441-917a-74af051f4069,KXNBAGAME-25MAY24OKCMIN-OKC,31,2025-05-23 19:41:02.194959+00:00,59,41,yes
2976bf2b-b746-45b1-9160-13e2ad6078cc,KXNBAGAME-25MAY24OKCMIN-OKC,1000,2025-05-23 19:42:14.057647+00:00,59,41,yes
fb8b781f-4176-4c91-b1e5-aa0e3a14ae5e,KXNBAGAME-25MAY24OKCMIN-OKC,127,2025-05-23 19:42:15.618042+00:00,59,41,yes
c69fdee3-d531-4b46-91f8-bba5cbd780f5,KXNBAGAME-25MAY24OKCMIN-OKC,100,2025-05-23 19:44:38.882208+00:00,59,41,yes
dfd742ff-4485-40fa-a189-cec54994afc1,KXNBAGAME-25MAY24OKCMIN-OKC,1,2025-05-23 19:49:12.498377+00:00,58,42,no
7b47fcc8-bc4d-4ce1-a379-10726231acf7,KXNBAGAME-25MAY24OKCMIN-OKC,1,2025-05-23 19:49:14.512612+00:00,58,42,no
f52a8722-dc80-479c-83c1-aaa8be88fd5c,KXNBAGAME-25MAY24OKCMIN-OKC,2000,2025-05-23 19:52:04.782140+00:00,59,41,yes
4d30f8a5-6b90-4e68-bf3e-0742bfd983c6,KXNBAGAME-25MAY24OKCMIN-OKC,100,2025-05-23 19:53:40.602462+00:00,59,41,yes
eff2846e-6190-489c-a587-c8e10a02f22f,KXNBAGAME-25MAY24OKCMIN-OKC,20,2025-05-23 19:54:48.149977+00:00,59,41,yes
0930d3ca-a0d0-4eec-a431-d2914d8769e4,KXNBAGAME-25MAY24OKCMIN-OKC,859,2025-05-23 19:57:22.750536+00:00,59,41,yes
23a4d653-3b2a-4075-a0d4-52f75545a019,KXNBAGAME-25MAY24OKCMIN-OKC,116,2025-05-23 19:57:22.750536+00:00,59,41,yes
3e7d69f7-55af-4985-b13d-6bc15393a212,KXNBAGAME-25MAY24OKCMIN-OKC,20,2025-05-23 19:57:40.571516+00:00,59,41,yes
de03ce84-7925-4b6e-b52d-981e2292db4b,KXNBAGAME-25MAY24OKCMIN-OKC,50,2025-05-23 20:00:33.640837+00:00,59,41,yes
cd7b74f2-c252-4f90-8577-2f04446d7f02,KXNBAGAME-25MAY24OKCMIN-OKC,5,2025-05-23 20:02:57.598085+00:00,59,41,yes
a4aa517c-8116-4a60-af95-a202cbe6741b,KXNBAGAME-25MAY24OKCMIN-OKC,66,2025-05-23 20:04:24.378164+00:00,59,41,yes
e962ff73-89e0-4196-97fa-2326c0a090b3,KXNBAGAME-25MAY24OKCMIN-OKC,134,2025-05-23 20:04:24.378164+00:00,59,41,yes
6100ce0c-c380-4b33-9ceb-2ce885404d15,KXNBAGAME-25MAY24OKCMIN-OKC,15,2025-05-23 20:04:42.366389+00:00,59,41,yes
3dd3020a-e9d6-44bc-ac81-4f19b7970aba,KXNBAGAME-25MAY24OKCMIN-OKC,1,2025-05-23 20:04:51.642368+00:00,59,41,yes
af8449fc-c014-4e59-954c-20d73cbfb1ac,KXNBAGAME-25MAY24OKCMIN-OKC,500,2025-05-23 20:07:16.342581+00:00,59,41,yes
8ac26b34-b642-4182-831c-7fd9e0142112,KXNBAGAME-25MAY24OKCMIN-OKC,4,2025-05-23 20:08:52.216901+00:00,59,41,yes
170bc562-6699-4d20-80e9-614bec6a3b35,KXNBAGAME-25MAY24OKCMIN-OKC,10,2025-05-23 20:10:47.354561+00:00,59,41,yes
49b83976-9785-4484-9a54-f2427e9709d0,KXNBAGAME-25MAY24OKCMIN-OKC,2,2025-05-23 20:11:00.459330+00:00,58,42,no
f240139e-0b78-4152-beb7-555f91e4cd54,KXNBAGAME-25MAY24OKCMIN-OKC,100,2025-05-23 20:11:18.176470+00:00,59,41,yes
867e8939-5113-459e-ac6b-165d7c696d03,KXNBAGAME-25MAY24OKCMIN-OKC,176,2025-05-23 20:13:30.793294+00:00,59,41,yes
e594fe91-3603-410e-bd07-bf7b4600356b,KXNBAGAME-25MAY24OKCMIN-OKC,44,2025-05-23 20:15:49.248560+00:00,59,41,yes
263d18f8-05da-437c-8b1c-3c3e0696afb1,KXNBAGAME-25MAY24OKCMIN-OKC,343,2025-05-23 20:17:08.050175+00:00,58,42,no
33ebc5f4-d9cf-4ede-9d2a-84cad81d1755,KXNBAGAME-25MAY24OKCMIN-OKC,15,2025-05-23 20:19:13.602917+00:00,59,41,yes
c790128a-6213-4228-885c-f5b9121f18bf,KXNBAGAME-25MAY24OKCMIN-OKC,100,2025-05-23 20:21:34.853271+00:00,59,41,yes
025f07c2-b6b2-4905-bd6a-5f0a2e4f36eb,KXNBAGAME-25MAY24OKCMIN-OKC,6,2025-05-23 20:21:47.208904+00:00,59,41,yes
f18515ea-782a-476e-a97b-218a80136e3b,KXNBAGAME-25MAY24OKCMIN-OKC,25,2025-05-23 20:24:01.023022+00:00,59,41,yes
167ff507-a9fb-44c9-b26b-2d9fe02f9f5b,KXNBAGAME-25MAY24OKCMIN-OKC,10,2025-05-23 20:33:04.660922+00:00,59,41,yes
59aec8dd-27f8-4830-9b34-dde53629045a,KXNBAGAME-25MAY24OKCMIN-OKC,10,2025-05-23 20:33:08.499258+00:00,59,41,yes
f49099aa-be55-4fa2-8db9-a03d04bd08a6,KXNBAGAME-25MAY24OKCMIN-OKC,1,2025-05-23 20:34:01.529071+00:00,58,42,no
d5d98a5b-e89f-45e9-a3d7-adeb22b0fe63,KXNBAGAME-25MAY24OKCMIN-OKC,1,2025-05-23 20:34:05.508455+00:00,58,42,no
7e025679-4695-4c1c-95ed-22113f9375f8,KXNBAGAME-25MAY24OKCMIN-OKC,1,2025-05-23 20:35:13.239803+00:00,58,42,no
5e44b33c-1982-44dc-ada5-bf4a4618f0bd,KXNBAGAME-25MAY24OKCMIN-OKC,1,2025-05-23 20:35:16.021844+00:00,58,42,no
e1179a30-c9d6-4d2b-8373-d6dffb496a1a,KXNBAGAME-25MAY24OKCMIN-OKC,1,2025-05-23 20:35:18.916240+00:00,58,42,no
985549aa-3813-468c-a392-b38339dfdfd4,KXNBAGAME-25MAY24OKCMIN-OKC,1,2025-05-23 20:35:29.459410+00:00,58,42,no
25ce2a15-11d6-4000-bce4-bbaf79bb75d5,KXNBAGAME-25MAY24OKCMIN-OKC,1,2025-05-23 20:35:32.269302+00:00,58,42,no
1ba98972-c3d6-4739-9f4b-3bddceeb9c54,KXNBAGAME-25MAY24OKCMIN-OKC,50,2025-05-23 20:36:03.318617+00:00,59,41,yes
32669c96-3940-498e-8209-2ca55abed6f9,KXNBAGAME-25MAY24OKCMIN-OKC,5,2025-05-23 20:36:22.737153+00:00,59,41,yes
edd9e1c3-9c68-4ff3-b3a0-bd7c511889cd,KXNBAGAME-25MAY24OKCMIN-OKC,400,2025-05-23 20:36:25.704774+00:00,59,41,yes
69892451-dd67-4809-849c-4b71a8683f93,KXNBAGAME-25MAY24OKCMIN-OKC,100,2025-05-23 20:37:04.831923+00:00,59,41,yes
